Job Family,Total Benefits,Total Compensation,BenefitPercentage
Public Service Aide,5087.142129951564,14450.325272157346,35.204343391171875
Housekeeping & Laundry,23787.827170574732,72612.2042942525,32.76009508563785
Park & Zoo,17359.449541088576,53001.04350053361,32.753033515111454
"Clerical, Secretarial & Steno",21394.905197130283,66009.82104317442,32.41170004556855
Dietary & Food,19300.787904642395,60295.2566875783,32.01045814374754
